{
  "F1": {
    "model": "LetovCF.pth",
    "index": "logs\\LetovCF\\added_IVF2523_Flat_nprobe_1_LetovCF_v2.index",
    "pitch": -12,
    "f0_method": "rmvpe",
    "index_rate": 0.9,
    "filter_radius": 3,
    "resample_sr": 0,
    "rms_mix_rate": 0.25,
    "protect": 0.33,
    "crepe_hop_length": 120,
    "output_format": "wav"
  },
  "F2": {
    "model": "",
    "index": "",
    "pitch": 0,
    "f0_method": "rmvpe",
    "index_rate": 0.01,
    "filter_radius": 3,
    "resample_sr": 0,
    "rms_mix_rate": 0.25,
    "protect": 0.01,
    "crepe_hop_length": 120,
    "output_format": "wav"
  },
  "F3": {
    "model": "",
    "index": "",
    "pitch": 0,
    "f0_method": "rmvpe",
    "index_rate": 0.2,
    "filter_radius": 3,
    "resample_sr": 0,
    "rms_mix_rate": 0.25,
    "protect": 0.0,
    "crepe_hop_length": 120,
    "output_format": "wav"
  },
  "F4": {
    "model": "",
    "index": "",
    "pitch": 0,
    "f0_method": "rmvpe",
    "index_rate": 0.2,
    "filter_radius": 3,
    "resample_sr": 0,
    "rms_mix_rate": 0.25,
    "protect": 0.01,
    "crepe_hop_length": 120,
    "output_format": "wav"
  },
  "F5": {
    "model": "",
    "index": "",
    "pitch": 0,
    "f0_method": "rmvpe",
    "index_rate": 0.5,
    "filter_radius": 3,
    "resample_sr": 0,
    "rms_mix_rate": 0.25,
    "protect": 0.5,
    "crepe_hop_length": 120,
    "output_format": "wav"
  },
  "F6": {
    "model": "",
    "index": "",
    "pitch": 0,
    "f0_method": "rmvpe",
    "index_rate": 0.9,
    "filter_radius": 3,
    "resample_sr": 0,
    "rms_mix_rate": 0.25,
    "protect": 0.0,
    "crepe_hop_length": 120,
    "output_format": "wav"
  },
  "F7": {
    "model": "",
    "index": "",
    "pitch": 0,
    "f0_method": "rmvpe",
    "index_rate": 0.9,
    "filter_radius": 3,
    "resample_sr": 0,
    "rms_mix_rate": 0.25,
    "protect": 0.5,
    "crepe_hop_length": 120,
    "output_format": "wav"
  },
  "F8": {
    "model": "",
    "index": "",
    "pitch": 0,
    "f0_method": "mangio-crepe",
    "index_rate": 0.9,
    "filter_radius": 3,
    "resample_sr": 0,
    "rms_mix_rate": 0.25,
    "protect": 0.33,
    "crepe_hop_length": 120,
    "output_format": "wav"
  },
  "F9": {
    "model": "",
    "index": "",
    "pitch": 0,
    "f0_method": "mangio-crepe",
    "index_rate": 0.01,
    "filter_radius": 3,
    "resample_sr": 0,
    "rms_mix_rate": 0.25,
    "protect": 0.01,
    "crepe_hop_length": 120,
    "output_format": "wav"
  },
  "F10": {
    "model": "",
    "index": "",
    "pitch": 0,
    "f0_method": "mangio-crepe",
    "index_rate": 0.9,
    "filter_radius": 3,
    "resample_sr": 0,
    "rms_mix_rate": 0.25,
    "protect": 0.33,
    "crepe_hop_length": 512,
    "output_format": "wav"
  },
  "F11": {
    "model": "",
    "index": "",
    "pitch": 0,
    "f0_method": "mangio-crepe",
    "index_rate": 0.01,
    "filter_radius": 3,
    "resample_sr": 0,
    "rms_mix_rate": 0.25,
    "protect": 0.01,
    "crepe_hop_length": 512,
    "output_format": "wav"
  }
}